[
  {
    "id": 1,
    "name": "Creamy Dream Whole Milk",
    "category": "Dairy",
    "price": 4.99,
    "barcode": "1000000000001",
    "brand": "MooMoo Farms",
    "stock": 120,
    "expiry_date": "2025-03-15"
  },
  {
    "id": 2,
    "name": "Golden Brown Eggs (12 Count)",
    "category": "Dairy",
    "price": 3.49,
    "barcode": "1000000000002",
    "brand": "Eggscellent Co.",
    "stock": 200,
    "expiry_date": "2025-02-28"
  },
  {
    "id": 3,
    "name": "SweetBurst Strawberries",
    "category": "Fruits",
    "price": 5.99,
    "barcode": "1000000000003",
    "brand": "BerryBliss Farms",
    "stock": 75,
    "expiry_date": "2025-02-20"
  },
  {
    "id": 4,
    "name": "Grainy Goodness Whole Wheat Bread",
    "category": "Bakery",
    "price": 2.99,
    "barcode": "1000000000004",
    "brand": "Crust & Crumb",
    "stock": 50,
    "expiry_date": "2025-02-22"
  },
  {
    "id": 5,
    "name": "Velvet Spread Almond Butter",
    "category": "Pantry",
    "price": 7.49,
    "barcode": "1000000000005",
    "brand": "NutNectar",
    "stock": 90,
    "expiry_date": "2026-01-10"
  }
]
